{"cameraMode":{"drawMode":0,"name":"Shaded","section":"Shading Mode"},"sceneLighting":true,"audioPlay":false,"sceneViewState":{"m_AlwaysRefresh":false,"showFog":true,"showSkybox":true,"showFlares":true,"showImageEffects":true,"showParticleSystems":true,"showVisualEffectGraphs":true,"m_FxEnabled":true},"in2DMode":false,"pivot":{"x":1.8171333074569703,"y":-5.082434177398682,"z":3.6420652866363527},"rotation":{"x":-0.36175161600112917,"y":0.10455885529518128,"z":-0.04087002947926521,"w":-0.9255092144012451},"size":12.724918365478516,"orthographic":false}